{
  "p_ref": [
    0.0,
    0.05,
    0.1,
    0.15,
    0.2,
    0.25,
    0.3,
    0.35,
    0.4,
    0.45,
    0.5,
    0.55,
    0.6,
    0.65,
    0.7,
    0.75,
    0.8,
    0.85,
    0.9,
    0.95,
    1.0,
    1.0,
    1.0,
    1.0,
    1.0,
    1.0
  ],
  "ref_trajectory": [
    0.0,
    0.0,
    0.020000000000000004,
    0.052000000000000005,
    0.0912,
    0.13472,
    0.180832,
    0.22849919999999999,
    0.27709952,
    0.32625971200000004,
    0.3757558272,
    0.42545349632,
    0.475272097792,
    0.5251632586752,
    0.57509795520512,
    0.625058773123072,
    0.6750352638738432,
    0.7250211583243059,
    0.7750126949945836,
    0.8250076169967502,
    0.8750045701980501,
    0.92500274211883,
    0.955001645271298,
    0.9730009871627788,
    0.9838005922976673,
    0.9902803553786004
  ]
}